Workbook

Sheet Summary
B2: Market Share
B4: Country | C4: (All)
B6: Sum of Total Required Supply | C6: Column Labels
B7: Row Labels | C7: R21/Matrix-M | D7: RTS,S/AS01 | E7: TBD
B8: 2024 | C8: 0.44496789 | D8: 0.55503211 | E8: 0
B9: 2025 | C9: 0.82343204 | D9: 0.17656796 | E9: 0
B10: 2026 | C10: 0.84244112 | D10: 0.14512379 | E10: 0.012435089
B11: 2027 | C11: 0.81400751 | D11: 0.14106431 | E11: 0.044928181
B12: 2028 | C12: 0.81795613 | D12: 0.11376808 | E12: 0.06827579
B13: 2029 | C13: 0.81928106 | D13: 0.10831159 | E13: 0.072407345
B14: 2030 | C14: 0.81856245 | D14: 0.10866959 | E14: 0.072767954
B15: 2031 | C15: 0.8182579 | D15: 0.10860067 | E15: 0.073141434
B16: 2032 | C16: 0.81827039 | D16: 0.10841241 | E16: 0.073317203
B17: 2033 | C17: 0.81828895 | D17: 0.10809213 | E17: 0.073618918
B18: 2034 | C18: 0.81857558 | D18: 0.10735761 | E18: 0.074066809
B19: 2035 | C19: 0.81873515 | D19: 0.10670573 | E19: 0.074559111
B20: Grand Total | C20: 0.81690107 | D20: 0.12094199 | E20: 0.062156941
B25: WAP
B27: Country | C27: (All)
B29: Row Labels | C29: Average of WAP ($/Dose)
B30: 2024 | C30: 7.8262972
B31: 2025 | C31: 5.1490418
B32: 2026 | C32: 4.9266057
B33: 2027 | C33: 4.1162574
B34: 2028 | C34: 3.2186738
B35: 2029 | C35: 3.2077063
B36: 2030 | C36: 3.2084259
B37: 2031 | C37: 3.2082873
B38: 2032 | C38: 3.2079089
B39: 2033 | C39: 3.2072652
B40: 2034 | C40: 3.2057888
B41: 2035 | C41: 3.2044785
B42: Grand Total | C42: 3.5400948
B45: Market Size
B47: Market size (2026-20230), Price of R21 reduces to $2.99 post 2027 | E47: Market size (2026-20230), Price of R21 remains $3.90 | H47: Potential Savings due to price reduction (Mn USD)
B48: Market size (Mn USD) | C48: =SUM(C56:C60) -> 1096.3838 | E48: Market size (Mn USD) | F48: 1296.417 | H48: =C48-F48 -> -200.03322
B49: Market size (Mn doses) | C49: =SUM(D56:D60) -> 296.42636 | E49: Market size (Mn doses) | F49: 296.42636
B51: Country | C51: (All)
B53: Row Labels | C53: Sum of Market Size (Mn USD) | D53: Sum of Market Size (Mn doses)
B54: 2024 | C54: 46.106854 | D54: 5.8912731
B55: 2025 | C55: 125.8472 | D55: 24.440898
B56: 2026 | C56: 264.60083 | D56: 53.708547
B57: 2027 | C57: 237.90706 | D57: 57.796934
B58: 2028 | C58: 193.29477 | D58: 60.054164
B59: 2029 | C59: 198.3185 | D59: 61.825642
B60: 2030 | C60: 202.2626 | D60: 63.041071
B61: 2031 | C61: 206.59901 | D61: 64.395421
B62: 2032 | C62: 210.76125 | D62: 65.700509
B63: 2033 | C63: 214.79175 | D63: 66.970373
B64: 2034 | C64: 218.66775 | D64: 68.210279
B65: 2035 | C65: 222.44201 | D65: 69.415977
B66: Grand Total | C66: 2341.5996 | D66: 661.45109
D67: =_xlfn.RRI(10,GETPIVOTDATA("Sum of Market Size (Mn doses)",$B$53,"Year",2025),GETPIVOTDATA("Sum of Market Size (Mn doses)",$B$53,"Year",2035)) -> 0.11002875

Sheet Master Data
C4: Year | D4: Country | E4: ISO | F4: WHO Region | G4: Unicef Region | H4: WB Status | I4: Price Tier | J4: Gavi Co-financing | K4: Gavi Eligibility | L4: Vaccine | M4: Vaccine Sub-type | N4: Product Introduction Date | O4: Vaccine Introduction Date | P4: Brand Name | Q4: Product Mapping | R4: Year_product | S4: Price (USD $/Dose) | T4: Price X Volume | U4: Routine/Campaign | V4: Gender | W4: Total Required Supply
C5: 2024 | D5: Burkina Faso | E5: BFA | F5: AFRO | G5: SSA | H5: Low Income | I5: UNICEF | J5: Initial self-financing | K5: Eligible | L5: Malaria | M5: Malaria | N5: Jan 2024 | O5: Jan 2024 | P5: RTS,S/AS01 | Q5: RTS,S/AS01 | R5: 2024RTS,S/AS01 | S5: =_xlfn.XLOOKUP(R5,'Price Assumptions'!E:E,'Price Assumptions'!G:G) -> 10.974 | T5: =S5*W5 -> 5936227.7 | U5: Routine | V5: Both | W5: 540935.64
C6: 2024 | D6: CAR | E6: CAF | F6: AFRO | G6: SSA | H6: Low Income | I6: UNICEF | J6: Initial self-financing | K6: Eligible | L6: Malaria | M6: Malaria | N6: Jan 2024 | O6: Jan 2024 | P6: CYVAC | Q6: R21/Matrix-M | R6: 2024R21/Matrix-M | S6: =_xlfn.XLOOKUP(R6,'Price Assumptions'!E:E,'Price Assumptions'!G:G) -> 3.9 | T6: =S6*W6 -> 501379.63 | U6: Routine | V6: Both | W6: 128558.88
C7: 2024 | D7: Chad | E7: TCD | F7: AFRO | G7: SSA | H7: Low Income | I7: UNICEF | J7: Initial self-financing | K7: Eligible | L7: Malaria | M7: Malaria | N7: Oct 2024 | O7: Oct 2024 | P7: CYVAC | Q7: R21/Matrix-M | R7: 2024R21/Matrix-M | S7: =_xlfn.XLOOKUP(R7,'Price Assumptions'!E:E,'Price Assumptions'!G:G) -> 3.9 | T7: =S7*W7 -> 196879.57 | U7: Routine | V7: Both | W7: 50481.942
C8: 2024 | D8: DRC | E8: COD | F8: AFRO | G8: SSA | H8: Low Income | I8: UNICEF | J8: Initial self-financing | K8: Eligible | L8: Malaria | M8: Malaria | N8: Nov 2024 | O8: Nov 2024 | P8: CYVAC | Q8: R21/Matrix-M | R8: 2024R21/Matrix-M | S8: =_xlfn.XLOOKUP(R8,'Price Assumptions'!E:E,'Price Assumptions'!G:G) -> 3.9 | T8: =S8*W8 -> 1290126 | U8: Routine | V8: Both | W8: 330801.54
C9: 2024 | D9: Liberia | E9: LBR | F9: AFRO | G9: SSA | H9: Low Income | I9: UNICEF | J9: Initial self-financing | K9: Eligible | L9: Malaria | M9: Malaria | N9: Apr 2024 | O9: Apr 2024 | P9: RTS,S/AS01 | Q9: RTS,S/AS01 | R9: 2024RTS,S/AS01 | S9: =_xlfn.XLOOKUP(R9,'Price Assumptions'!E:E,'Price Assumptions'!G:G) -> 10.974 | T9: =S9*W9 -> 999221.33 | U9: Routine | V9: Both | W9: 91053.52
C10: 2024 | D10: Malawi | E10: MWI | F10: AFRO | G10: SSA | H10: Low Income | I10: UNICEF | J10: Initial self-financing | K10: Eligible | L10: Malaria | M10: Malaria | N10: Jan 2024 | O10: Jan 2024 | P10: RTS,S/AS01 | Q10: RTS,S/AS01 | R10: 2024RTS,S/AS01 | S10: =_xlfn.XLOOKUP(R10,'Price Assumptions'!E:E,'Price Assumptions'!G:G) -> 10.974 | T10: =S10*W10 -> 5720528.3 | U10: Routine | V10: Both | W10: 521280.14
C11: 2024 | D11: Mozambique | E11: MOZ | F11: AFRO | G11: SSA | H11: Low Income | I11: UNICEF | J11: Initial self-financing | K11: Eligible | L11: Malaria | M11: Malaria | N11: Jul 2024 | O11: Jul 2024 | P11: CYVAC | Q11: R21/Matrix-M | R11: 2024R21/Matrix-M | S11: =_xlfn.XLOOKUP(R11,'Price Assumptions'!E:E,'Price Assumptions'!G:G) -> 3.9 | T11: =S11*W11 -> 978666.32 | U11: Routine | V11: Both | W11: 250940.08
C12: 2024 | D12: Niger | E12: NER | F12: AFRO | G12: SSA | H12: Low Income | I12: UNICEF | J12: Initial self-financing | K12: Eligible | L12: Malaria | M12: Malaria | N12: Jul 2024 | O12: Jul 2024 | P12: RTS,S/AS01 | Q12: RTS,S/AS01 | R12: 2024RTS,S/AS01 | S12: =_xlfn.XLOOKUP(R12,'Price Assumptions'!E:E,'Price Assumptions'!G:G) -> 10.974 | T12: =S12*W12 -> 5374392.3 | U12: Routine | V12: Both | W12: 489738.69
C13: 2024 | D13: Sierra Leone | E13: SLE | F13: AFRO | G13: SSA | H13: Low Income | I13: UNICEF | J13: Initial self-financing | K13: Eligible | L13: Malaria | M13: Malaria | N13: Mar 2024 | O13: Mar 2024 | P13: RTS,S/AS01 | Q13: RTS,S/AS01 | R13: 2024RTS,S/AS01 | S13: =_xlfn.XLOOKUP(R13,'Price Assumptions'!E:E,'Price Assumptions'!G:G) -> 10.974 | T13: =S13*W13 -> 5614138.3 | U13: Routine | V13: Both | W13: 511585.41
C14: 2024 | D14: South Sudan | E14: SSD | F14: AFRO | G14: SSA | H14: Low Income | I14: UNICEF | J14: Initial self-financing | K14: Eligible | L14: Malaria | M14: Malaria | N14: Jul 2024 | O14: Jul 2024 | P14: CYVAC | Q14: R21/Matrix-M | R14: 2024R21/Matrix-M | S14: =_xlfn.XLOOKUP(R14,'Price Assumptions'!E:E,'Price Assumptions'!G:G) -> 3.9 | T14: =S14*W14 -> 410050.85 | U14: Routine | V14: Both | W14: 105141.24
C15: 2024 | D15: Sudan | E15: SDN | F15: EMRO | G15: MENA | H15: Low Income | I15: UNICEF | J15: Initial self-financing | K15: Eligible | L15: Malaria | M15: Malaria | N15: Nov 2024 | O15: Nov 2024 | P15: CYVAC | Q15: R21/Matrix-M | R15: 2024R21/Matrix-M | S15: =_xlfn.XLOOKUP(R15,'Price Assumptions'!E:E,'Price Assumptions'!G:G) -> 3.9 | T15: =S15*W15 -> 300350.13 | U15: Routine | V15: Both | W15: 77012.855
C16: 2025 | D16: Burkina Faso | E16: BFA | F16: AFRO | G16: SSA | H16: Low Income | I16: UNICEF | J16: Initial self-financing | K16: Eligible | L16: Malaria | M16: Malaria | N16: - | O16: Jan 2024 | P16: CYVAC | Q16: R21/Matrix-M | R16: 2025R21/Matrix-M | S16: =_xlfn.XLOOKUP(R16,'Price Assumptions'!E:E,'Price Assumptions'!G:G) -> 3.9 | T16: =S16*W16 -> 2268649.7 | U16: Routine | V16: Both | W16: 581705.04
C17: 2025 | D17: Burkina Faso | E17: BFA | F17: AFRO | G17: SSA | H17: Low Income | I17: UNICEF | J17: Initial self-financing | K17: Eligible | L17: Malaria | M17: Malaria | N17: Jan 2024 | O17: Jan 2024 | P17: RTS,S/AS01 | Q17: RTS,S/AS01 | R17: 2025RTS,S/AS01 | S17: =_xlfn.XLOOKUP(R17,'Price Assumptions'!E:E,'Price Assumptions'!G:G) -> 10.974 | T17: =S17*W17 -> 6731075.9 | U17: Routine | V17: Both | W17: 613365.76
C18: 2025 | D18: Burundi | E18: BDI | F18: AFRO | G18: SSA | H18: Low Income | I18: UNICEF | J18: Initial self-financing | K18: Eligible | L18: Malaria | M18: Malaria | N18: - | O18: - | Q18: RTS,S/AS01 | R18: 2025RTS,S/AS01 | S18: =_xlfn.XLOOKUP(R18,'Price Assumptions'!E:E,'Price Assumptions'!G:G) -> 10.974 | T18: =S18*W18 -> 1956751.1 | U18: Routine | V18: Both | W18: 178307.91
C19: 2025 | D19: CAR | E19: CAF | F19: AFRO | G19: SSA | H19: Low Income | I19: UNICEF | J19: Initial self-financing | K19: Eligible | L19: Malaria | M19: Malaria | N19: Jan 2024 | O19: Jan 2024 | P19: CYVAC | Q19: R21/Matrix-M | R19: 2025R21/Matrix-M | S19: =_xlfn.XLOOKUP(R19,'Price Assumptions'!E:E,'Price Assumptions'!G:G) -> 3.9 | T19: =S19*W19 -> 1430384.6 | U19: Routine | V19: Both | W19: 366765.29
C20: 2025 | D20: Chad | E20: TCD | F20: AFRO | G20: SSA | H20: Low Income | I20: UNICEF | J20: Initial self-financing | K20: Eligible | L20: Malaria | M20: Malaria | N20: Oct 2024 | O20: Oct 2024 | P20: CYVAC | Q20: R21/Matrix-M | R20: 2025R21/Matrix-M | S20: =_xlfn.XLOOKUP(R20,'Price Assumptions'!E:E,'Price Assumptions'!G:G) -> 3.9 | T20: =S20*W20 -> 1300755 | U20: Routine | V20: Both | W20: 333526.92
C21: 2025 | D21: DRC | E21: COD | F21: AFRO | G21: SSA | H21: Low Income | I21: UNICEF | J21: Initial self-financing | K21: Eligible | L21: Malaria | M21: Malaria | N21: Nov 2024 | O21: Nov 2024 | P21: CYVAC | Q21: R21/Matrix-M | R21: 2025R21/Matrix-M | S21: =_xlfn.XLOOKUP(R21,'Price Assumptions'!E:E,'Price Assumptions'!G:G) -> 3.9 | T21: =S21*W21 -> 21746481 | U21: Routine | V21: Both | W21: 5576020.7
C22: 2025 | D22: Ethiopia | E22: ETH | F22: AFRO | G22: SSA | H22: Low Income | I22: UNICEF | J22: Initial self-financing | K22: Eligible | L22: Malaria | M22: Malaria | N22: - | O22: - | Q22: R21/Matrix-M | R22: 2025R21/Matrix-M | S22: =_xlfn.XLOOKUP(R22,'Price Assumptions'!E:E,'Price Assumptions'!G:G) -> 3.9 | T22: =S22*W22 -> 1894596.9 | U22: Routine | V22: Both | W22: 485794.08
C23: 2025 | D23: Guinea-Bissau | E23: GNB | F23: AFRO | G23: SSA | H23: Low Income | I23: UNICEF | J23: Initial self-financing | K23: Eligible | L23: Malaria | M23: Malaria | N23: - | O23: - | Q23: RTS,S/AS01 | R23: 2025RTS,S/AS01 | S23: =_xlfn.XLOOKUP(R23,'Price Assumptions'!E:E,'Price Assumptions'!G:G) -> 10.974 | T23: =S23*W23 -> 25081.519 | U23: Routine | V23: Both | W23: 2285.5403
C24: 2025 | D24: Liberia | E24: LBR | F24: AFRO | G24: SSA | H24: Low Income | I24: UNICEF | J24: Initial self-financing | K24: Eligible | L24: Malaria | M24: Malaria | N24: Apr 2024 | O24: Apr 2024 | P24: RTS,S/AS01 | Q24: RTS,S/AS01 | R24: 2025RTS,S/AS01 | S24: =_xlfn.XLOOKUP(R24,'Price Assumptions'!E:E,'Price Assumptions'!G:G) -> 10.974 | T24: =S24*W24 -> 3042720.8 | U24: Routine | V24: Both | W24: 277266.34
C25: 2025 | D25: Malawi | E25: MWI | F25: AFRO | G25: SSA | H25: Low Income | I25: UNICEF | J25: Initial self-financing | K25: Eligible | L25: Malaria | M25: Malaria | N25: Jan 2024 | O25: Jan 2024 | P25: RTS,S/AS01 | Q25: RTS,S/AS01 | R25: 2025RTS,S/AS01 | S25: =_xlfn.XLOOKUP(R25,'Price Assumptions'!E:E,'Price Assumptions'!G:G) -> 10.974 | T25: =S25*W25 -> 6123322.5 | U25: Routine | V25: Both | W25: 557984.55
C26: 2025 | D26: Mali | E26: MLI | F26: AFRO | G26: SSA | H26: Low Income | I26: UNICEF | J26: Initial self-financing | K26: Eligible | L26: Malaria | M26: Malaria | N26: - | O26: - | Q26: R21/Matrix-M | R26: 2025R21/Matrix-M | S26: =_xlfn.XLOOKUP(R26,'Price Assumptions'!E:E,'Price Assumptions'!G:G) -> 3.9 | T26: =S26*W26 -> 1315397.5 | U26: Routine | V26: Both | W26: 337281.4
C27: 2025 | D27: Mozambique | E27: MOZ | F27: AFRO | G27: SSA | H27: Low Income | I27: UNICEF | J27: Initial self-financing | K27: Eligible | L27: Malaria | M27: Malaria | N27: Jul 2024 | O27: Jul 2024 | P27: CYVAC | Q27: R21/Matrix-M | R27: 2025R21/Matrix-M | S27: =_xlfn.XLOOKUP(R27,'Price Assumptions'!E:E,'Price Assumptions'!G:G) -> 3.9 | T27: =S27*W27 -> 4476457.5 | U27: Routine | V27: Both | W27: 1147809.6
C28: 2025 | D28: Niger | E28: NER | F28: AFRO | G28: SSA | H28: Low Income | I28: UNICEF | J28: Initial self-financing | K28: Eligible | L28: Malaria | M28: Malaria | N28: Jul 2024 | O28: Jul 2024 | P28: RTS,S/AS01 | Q28: RTS,S/AS01 | R28: 2025RTS,S/AS01 | S28: =_xlfn.XLOOKUP(R28,'Price Assumptions'!E:E,'Price Assumptions'!G:G) -> 10.974 | T28: =S28*W28 -> 6897715.8 | U28: Routine | V28: Both | W28: 628550.74
C29: 2025 | D29: Sierra Leone | E29: SLE | F29: AFRO | G29: SSA | H29: Low Income | I29: UNICEF | J29: Initial self-financing | K29: Eligible | L29: Malaria | M29: Malaria | N29: Mar 2024 | O29: Mar 2024 | P29: RTS,S/AS01 | Q29: RTS,S/AS01 | R29: 2025RTS,S/AS01 | S29: =_xlfn.XLOOKUP(R29,'Price Assumptions'!E:E,'Price Assumptions'!G:G) -> 10.974 | T29: =S29*W29 -> 7835065.6 | U29: Routine | V29: Both | W29: 713966.25
C30: 2025 | D30: South Sudan | E30: SSD | F30: AFRO | G30: SSA | H30: Low Income | I30: UNICEF | J30: Initial self-financing | K30: Eligible | L30: Malaria | M30: Malaria | N30: Jul 2024 | O30: Jul 2024 | P30: CYVAC | Q30: R21/Matrix-M | R30: 2025R21/Matrix-M | S30: =_xlfn.XLOOKUP(R30,'Price Assumptions'!E:E,'Price Assumptions'!G:G) -> 3.9 | T30: =S30*W30 -> 1551742.7 | U30: Routine | V30: Both | W30: 397882.75
C31: 2025 | D31: Sudan | E31: SDN | F31: EMRO | G31: MENA | H31: Low Income | I31: UNICEF | J31: Initial self-financing | K31: Eligible | L31: Malaria | M31: Malaria | N31: Nov 2024 | O31: Nov 2024 | P31: CYVAC | Q31: R21/Matrix-M | R31: 2025R21/Matrix-M | S31: =_xlfn.XLOOKUP(R31,'Price Assumptions'!E:E,'Price Assumptions'!G:G) -> 3.9 | T31: =S31*W31 -> 2699728.1 | U31: Routine | V31: Both | W31: 692237.97
C32: 2025 | D32: Togo | E32: TGO | F32: AFRO | G32: SSA | H32: Low Income | I32: UNICEF | J32: Initial self-financing | K32: Eligible | L32: Malaria | M32: Malaria | N32: - | O32: - | Q32: R21/Matrix-M | R32: 2025R21/Matrix-M | S32: =_xlfn.XLOOKUP(R32,'Price Assumptions'!E:E,'Price Assumptions'!G:G) -> 3.9 | T32: =S32*W32 -> 366690.33 | U32: Routine | V32: Both | W32: 94023.161
C33: 2025 | D33: Uganda | E33: UGA | F33: AFRO | G33: SSA | H33: Low Income | I33: UNICEF | J33: Initial self-financing | K33: Eligible | L33: Malaria | M33: Malaria | N33: - | O33: - | Q33: R21/Matrix-M | R33: 2025R21/Matrix-M | S33: =_xlfn.XLOOKUP(R33,'Price Assumptions'!E:E,'Price Assumptions'!G:G) -> 3.9 | T33: =S33*W33 -> 12683439 | U33: Routine | V33: Both | W33: 3252163.9
C34: 2026 | D34: Burundi | E34: BDI | F34: AFRO | G34: SSA | H34: Low Income | I34: UNICEF | J34: Initial self-financing | K34: Eligible | L34: Malaria | M34: Malaria | N34: - | O34: - | Q34: RTS,S/AS01 | R34: 2026RTS,S/AS01 | S34: =_xlfn.XLOOKUP(R34,'Price Assumptions'!E:E,'Price Assumptions'!G:G) -> 10.974 | T34: =S34*W34 -> 6783436.4 | U34: Routine | V34: Both | W34: 618137.09
C35: 2026 | D35: CAR | E35: CAF | F35: AFRO | G35: SSA | H35: Low Income | I35: UNICEF | J35: Initial self-financing | K35: Eligible | L35: Malaria | M35: Malaria | N35: Jan 2024 | O35: Jan 2024 | P35: CYVAC | Q35: R21/Matrix-M | R35: 2026R21/Matrix-M | S35: =_xlfn.XLOOKUP(R35,'Price Assumptions'!E:E,'Price Assumptions'!G:G) -> 3.9 | T35: =S35*W35 -> 1552778 | U35: Routine | V35: Both | W35: 398148.21
C36: 2026 | D36: Chad | E36: TCD | F36: AFRO | G36: SSA | H36: Low Income | I36: UNICEF | J36: Initial self-financing | K36: Eligible | L36: Malaria | M36: Malaria | N36: Oct 2024 | O36: Oct 2024 | P36: CYVAC | Q36: R21/Matrix-M | R36: 2026R21/Matrix-M | S36: =_xlfn.XLOOKUP(R36,'Price Assumptions'!E:E,'Price Assumptions'!G:G) -> 3.9 | T36: =S36*W36 -> 3764764.4 | U36: Routine | V36: Both | W36: 965324.2
C37: 2026 | D37: DRC | E37: COD | F37: AFRO | G37: SSA | H37: Low Income | I37: UNICEF | J37: Initial self-financing | K37: Eligible | L37: Malaria | M37: Malaria | N37: Nov 2024 | O37: Nov 2024 | P37: CYVAC | Q37: R21/Matrix-M | R37: 2026R21/Matrix-M | S37: =_xlfn.XLOOKUP(R37,'Price Assumptions'!E:E,'Price Assumptions'!G:G) -> 3.9 | T37: =S37*W37 -> 31554369 | U37: Routine | V37: Both | W37: 8090863.8
C38: 2026 | D38: Gambia | E38: GMB | F38: AFRO | G38: SSA | H38: Low Income | I38: UNICEF | J38: Initial self-financing | K38: Eligible | L38: Malaria | M38: Malaria | N38: - | O38: - | Q38: R21/Matrix-M | R38: 2026R21/Matrix-M | S38: =_xlfn.XLOOKUP(R38,'Price Assumptions'!E:E,'Price Assumptions'!G:G) -> 3.9 | T38: =S38*W38 -> 46621.594 | U38: Routine | V38: Both | W38: 11954.255
C39: 2026 | D39: Liberia | E39: LBR | F39: AFRO | G39: SSA | H39: Low Income | I39: UNICEF | J39: Initial self-financing | K39: Eligible | L39: Malaria | M39: Malaria | N39: Apr 2024 | O39: Apr 2024 | P39: RTS,S/AS01 | Q39: RTS,S/AS01 | R39: 2026RTS,S/AS01 | S39: =_xlfn.XLOOKUP(R39,'Price Assumptions'!E:E,'Price Assumptions'!G:G) -> 10.974 | T39: =S39*W39 -> 4831770.6 | U39: Routine | V39: Both | W39: 440292.57
C40: 2026 | D40: Malawi | E40: MWI | F40: AFRO | G40: SSA | H40: Low Income | I40: UNICEF | J40: Initial self-financing | K40: Eligible | L40: Malaria | M40: Malaria | N40: Jan 2024 | O40: Jan 2024 | P40: RTS,S/AS01 | Q40: RTS,S/AS01 | R40: 2026RTS,S/AS01 | S40: =_xlfn.XLOOKUP(R40,'Price Assumptions'!E:E,'Price Assumptions'!G:G) -> 10.974 | T40: =S40*W40 -> 16290383 | U40: Routine | V40: Both | W40: 1484452.6
C41: 2026 | D41: Mali | E41: MLI | F41: AFRO | G41: SSA | H41: Low Income | I41: UNICEF | J41: Initial self-financing | K41: Eligible | L41: Malaria | M41: Malaria | N41: - | O41: - | Q41: R21/Matrix-M | R41: 2026R21/Matrix-M | S41: =_xlfn.XLOOKUP(R41,'Price Assumptions'!E:E,'Price Assumptions'!G:G) -> 3.9 | T41: =S41*W41 -> 5136557.4 | U41: Routine | V41: Both | W41: 1317066
C42: 2026 | D42: Mozambique | E42: MOZ | F42: AFRO | G42: SSA | H42: Low Income | I42: UNICEF | J42: Initial self-financing | K42: Eligible | L42: Malaria | M42: Malaria | N42: Jul 2024 | O42: Jul 2024 | P42: CYVAC | Q42: R21/Matrix-M | R42: 2026R21/Matrix-M | S42: =_xlfn.XLOOKUP(R42,'Price Assumptions'!E:E,'Price Assumptions'!G:G) -> 3.9 | T42: =S42*W42 -> 8787908.5 | U42: Routine | V42: Both | W42: 2253309.9
C43: 2026 | D43: Niger | E43: NER | F43: AFRO | G43: SSA | H43: Low Income | I43: UNICEF | J43: Initial self-financing | K43: Eligible | L43: Malaria | M43: Malaria | N43: Jul 2024 | O43: Jul 2024 | P43: RTS,S/AS01 | Q43: RTS,S/AS01 | R43: 2026RTS,S/AS01 | S43: =_xlfn.XLOOKUP(R43,'Price Assumptions'!E:E,'Price Assumptions'!G:G) -> 10.974 | T43: =S43*W43 -> 19257087 | U43: Routine | V43: Both | W43: 1754792
C44: 2026 | D44: Sierra Leone | E44: SLE | F44: AFRO | G44: SSA | H44: Low Income | I44: UNICEF | J44: Initial self-financing | K44: Eligible | L44: Malaria | M44: Malaria | N44: Mar 2024 | O44: Mar 2024 | P44: RTS,S/AS01 | Q44: RTS,S/AS01 | R44: 2026RTS,S/AS01 | S44: =_xlfn.XLOOKUP(R44,'Price Assumptions'!E:E,'Price Assumptions'!G:G) -> 10.974 | T44: =S44*W44 -> 7779675.3 | U44: Routine | V44: Both | W44: 708918.84
C45: 2026 | D45: South Sudan | E45: SSD | F45: AFRO | G45: SSA | H45: Low Income | I45: UNICEF | J45: Initial self-financing | K45: Eligible | L45: Malaria | M45: Malaria | N45: Jul 2024 | O45: Jul 2024 | P45: CYVAC | Q45: R21/Matrix-M | R45: 2026R21/Matrix-M | S45: =_xlfn.XLOOKUP(R45,'Price Assumptions'!E:E,'Price Assumptions'!G:G) -> 3.9 | T45: =S45*W45 -> 3057813.8 | U45: Routine | V45: Both | W45: 784054.82
C46: 2026 | D46: Sudan | E46: SDN | F46: EMRO | G46: MENA | H46: Low Income | I46: UNICEF | J46: Initial self-financing | K46: Eligible | L46: Malaria | M46: Malaria | N46: Nov 2024 | O46: Nov 2024 | P46: CYVAC | Q46: R21/Matrix-M | R46: 2026R21/Matrix-M | S46: =_xlfn.XLOOKUP(R46,'Price Assumptions'!E:E,'Price Assumptions'!G:G) -> 3.9 | T46: =S46*W46 -> 7108868.2 | U46: Routine | V46: Both | W46: 1822786.7
C47: 2026 | D47: Togo | E47: TGO | F47: AFRO | G47: SSA | H47: Low Income | I47: UNICEF | J47: Initial self-financing | K47: Eligible | L47: Malaria | M47: Malaria | N47: - | O47: - | Q47: R21/Matrix-M | R47: 2026R21/Matrix-M | S47: =_xlfn.XLOOKUP(R47,'Price Assumptions'!E:E,'Price Assumptions'!G:G) -> 3.9 | T47: =S47*W47 -> 2576013.6 | U47: Routine | V47: Both | W47: 660516.31
C48: 2027 | D48: Burundi | E48: BDI | F48: AFRO | G48: SSA | H48: Low Income | I48: UNICEF | J48: Initial self-financing | K48: Eligible | L48: Malaria | M48: Malaria | N48: - | O48: - | Q48: RTS,S/AS01 | R48: 2027RTS,S/AS01 | S48: =_xlfn.XLOOKUP(R48,'Price Assumptions'!E:E,'Price Assumptions'!G:G) -> 10.974 | T48: =S48*W48 -> 7059925 | U48: Routine | V48: Both | W48: 643331.97
C49: 2027 | D49: CAR | E49: CAF | F49: AFRO | G49: SSA | H49: Low Income | I49: UNICEF | J49: Initial self-financing | K49: Eligible | L49: Malaria | M49: Malaria | N49: Jan 2024 | O49: Jan 2024 | P49: CYVAC | Q49: R21/Matrix-M | R49: 2027R21/Matrix-M | S49: =_xlfn.XLOOKUP(R49,'Price Assumptions'!E:E,'Price Assumptions'!G:G) -> 2.99 | T49: =S49*W49 -> 1258994.9 | U49: Routine | V49: Both | W49: 421068.53
C50: 2027 | D50: Chad | E50: TCD | F50: AFRO | G50: SSA | H50: Low Income | I50: UNICEF | J50: Initial self-financing | K50: Eligible | L50: Malaria | M50: Malaria | N50: Oct 2024 | O50: Oct 2024 | P50: CYVAC | Q50: R21/Matrix-M | R50: 2027R21/Matrix-M | S50: =_xlfn.XLOOKUP(R50,'Price Assumptions'!E:E,'Price Assumptions'!G:G) -> 2.99 | T50: =S50*W50 -> 2994393.8 | U50: Routine | V50: Both | W50: 1001469.5
C51: 2027 | D51: DRC | E51: COD | F51: AFRO | G51: SSA | H51: Low Income | I51: UNICEF | J51: Initial self-financing | K51: Eligible | L51: Malaria | M51: Malaria | N51: Nov 2024 | O51: Nov 2024 | P51: CYVAC | Q51: R21/Matrix-M | R51: 2027R21/Matrix-M | S51: =_xlfn.XLOOKUP(R51,'Price Assumptions'!E:E,'Price Assumptions'!G:G) -> 2.99 | T51: =S51*W51 -> 25405804 | U51: Routine | V51: Both | W51: 8496924.5
C52: 2027 | D52: Gambia | E52: GMB | F52: AFRO | G52: SSA | H52: Low Income | I52: UNICEF | J52: Initial self-financing | K52: Eligible | L52: Malaria | M52: Malaria | N52: - | O52: - | Q52: R21/Matrix-M | R52: 2027R21/Matrix-M | S52: =_xlfn.XLOOKUP(R52,'Price Assumptions'!E:E,'Price Assumptions'!G:G) -> 2.99 | T52: =S52*W52 -> 103196.62 | U52: Routine | V52: Both | W52: 34513.92
C53: 2027 | D53: Liberia | E53: LBR | F53: AFRO | G53: SSA | H53: Low Income | I53: UNICEF | J53: Initial self-financing | K53: Eligible | L53: Malaria | M53: Malaria | N53: Apr 2024 | O53: Apr 2024 | P53: RTS,S/AS01 | Q53: RTS,S/AS01 | R53: 2027RTS,S/AS01 | S53: =_xlfn.XLOOKUP(R53,'Price Assumptions'!E:E,'Price Assumptions'!G:G) -> 10.974 | T53: =S53*W53 -> 4938055.2 | U53: Routine | V53: Both | W53: 449977.7
C54: 2027 | D54: Madagascar | E54: MDG | F54: AFRO | G54: SSA | H54: Low Income | I54: UNICEF | J54: Initial self-financing | K54: Eligible | L54: Malaria | M54: Malaria | N54: - | O54: - | Q54: TBD | R54: 2027TBD | S54: =_xlfn.XLOOKUP(R54,'Price Assumptions'!E:E,'Price Assumptions'!G:G) -> 2.99 | T54: =S54*W54 -> 135059.51 | U54: Routine | V54: Both | W54: 45170.406
C55: 2027 | D55: Malawi | E55: MWI | F55: AFRO | G55: SSA | H55: Low Income | I55: UNICEF | J55: Initial self-financing | K55: Eligible | L55: Malaria | M55: Malaria | N55: Jan 2024 | O55: Jan 2024 | P55: RTS,S/AS01 | Q55: RTS,S/AS01 | R55: 2027RTS,S/AS01 | S55: =_xlfn.XLOOKUP(R55,'Price Assumptions'!E:E,'Price Assumptions'!G:G) -> 10.974 | T55: =S55*W55 -> 17249088 | U55: Routine | V55: Both | W55: 1571814.1
C56: 2027 | D56: Mali | E56: MLI | F56: AFRO | G56: SSA | H56: Low Income | I56: UNICEF | J56: Initial self-financing | K56: Eligible | L56: Malaria | M56: Malaria | N56: - | O56: - | Q56: R21/Matrix-M | R56: 2027R21/Matrix-M | S56: =_xlfn.XLOOKUP(R56,'Price Assumptions'!E:E,'Price Assumptions'!G:G) -> 2.99 | T56: =S56*W56 -> 4155623.6 | U56: Routine | V56: Both | W56: 1389840.7
C57: 2027 | D57: Mozambique | E57: MOZ | F57: AFRO | G57: SSA | H57: Low Income | I57: UNICEF | J57: Initial self-financing | K57: Eligible | L57: Malaria | M57: Malaria | N57: Jul 2024 | O57: Jul 2024 | P57: CYVAC | Q57: R21/Matrix-M | R57: 2027R21/Matrix-M | S57: =_xlfn.XLOOKUP(R57,'Price Assumptions'!E:E,'Price Assumptions'!G:G) -> 2.99 | T57: =S57*W57 -> 6968536.5 | U57: Routine | V57: Both | W57: 2330614.2
C58: 2027 | D58: Niger | E58: NER | F58: AFRO | G58: SSA | H58: Low Income | I58: UNICEF | J58: Initial self-financing | K58: Eligible | L58: Malaria | M58: Malaria | N58: Jul 2024 | O58: Jul 2024 | P58: RTS,S/AS01 | Q58: RTS,S/AS01 | R58: 2027RTS,S/AS01 | S58: =_xlfn.XLOOKUP(R58,'Price Assumptions'!E:E,'Price Assumptions'!G:G) -> 10.974 | T58: =S58*W58 -> 20301126 | U58: Routine | V58: Both | W58: 1849929.5
C59: 2027 | D59: Sierra Leone | E59: SLE | F59: AFRO | G59: SSA | H59: Low Income | I59: UNICEF | J59: Initial self-financing | K59: Eligible | L59: Malaria | M59: Malaria | N59: Mar 2024 | O59: Mar 2024 | P59: RTS,S/AS01 | Q59: RTS,S/AS01 | R59: 2027RTS,S/AS01 | S59: =_xlfn.XLOOKUP(R59,'Price Assumptions'!E:E,'Price Assumptions'!G:G) -> 10.974 | T59: =S59*W59 -> 7722466.7 | U59: Routine | V59: Both | W59: 703705.73
C60: 2027 | D60: South Sudan | E60: SSD | F60: AFRO | G60: SSA | H60: Low Income | I60: UNICEF | J60: Initial self-financing | K60: Eligible | L60: Malaria | M60: Malaria | N60: Jul 2024 | O60: Jul 2024 | P60: CYVAC | Q60: R21/Matrix-M | R60: 2027R21/Matrix-M | S60: =_xlfn.XLOOKUP(R60,'Price Assumptions'!E:E,'Price Assumptions'!G:G) -> 2.99 | T60: =S60*W60 -> 2443162.5 | U60: Routine | V60: Both | W60: 817111.2
C61: 2027 | D61: Sudan | E61: SDN | F61: EMRO | G61: MENA | H61: Low Income | I61: UNICEF | J61: Initial self-financing | K61: Eligible | L61: Malaria | M61: Malaria | N61: Nov 2024 | O61: Nov 2024 | P61: CYVAC | Q61: R21/Matrix-M | R61: 2027R21/Matrix-M | S61: =_xlfn.XLOOKUP(R61,'Price Assumptions'!E:E,'Price Assumptions'!G:G) -> 2.99 | T61: =S61*W61 -> 5919758.1 | U61: Routine | V61: Both | W61: 1979852.2
C62: 2028 | D62: Burundi | E62: BDI | F62: AFRO | G62: SSA | H62: Low Income | I62: UNICEF | J62: Initial self-financing | K62: Eligible | L62: Malaria | M62: Malaria | N62: - | O62: - | Q62: RTS,S/AS01 | R62: 2028RTS,S/AS01 | S62: =_xlfn.XLOOKUP(R62,'Price Assumptions'!E:E,'Price Assumptions'!G:G) -> 5 | T62: =S62*W62 -> 3199570.5 | U62: Routine | V62: Both | W62: 639914.1
C63: 2028 | D63: CAR | E63: CAF | F63: AFRO | G63: SSA | H63: Low Income | I63: UNICEF | J63: Initial self-financing | K63: Eligible | L63: Malaria | M63: Malaria | N63: Jan 2024 | O63: Jan 2024 | P63: CYVAC | Q63: R21/Matrix-M | R63: 2028R21/Matrix-M | S63: =_xlfn.XLOOKUP(R63,'Price Assumptions'!E:E,'Price Assumptions'!G:G) -> 2.99 | T63: =S63*W63 -> 1357042.7 | U63: Routine | V63: Both | W63: 453860.44
C64: 2028 | D64: Chad | E64: TCD | F64: AFRO | G64: SSA | H64: Low Income | I64: UNICEF | J64: Initial self-financing | K64: Eligible | L64: Malaria | M64: Malaria | N64: Oct 2024 | O64: Oct 2024 | P64: CYVAC | Q64: R21/Matrix-M | R64: 2028R21/Matrix-M | S64: =_xlfn.XLOOKUP(R64,'Price Assumptions'!E:E,'Price Assumptions'!G:G) -> 2.99 | T64: =S64*W64 -> 2983490.6 | U64: Routine | V64: Both | W64: 997822.93
C65: 2028 | D65: DRC | E65: COD | F65: AFRO | G65: SSA | H65: Low Income | I65: UNICEF | J65: Initial self-financing | K65: Eligible | L65: Malaria | M65: Malaria | N65: Nov 2024 | O65: Nov 2024 | P65: CYVAC | Q65: R21/Matrix-M | R65: 2028R21/Matrix-M | S65: =_xlfn.XLOOKUP(R65,'Price Assumptions'!E:E,'Price Assumptions'!G:G) -> 2.99 | T65: =S65*W65 -> 26819897 | U65: Routine | V65: Both | W65: 8969865.1
C66: 2028 | D66: Gambia | E66: GMB | F66: AFRO | G66: SSA | H66: Low Income | I66: UNICEF | J66: Initial self-financing | K66: Eligible | L66: Malaria | M66: Malaria | N66: - | O66: - | Q66: R21/Matrix-M | R66: 2028R21/Matrix-M | S66: =_xlfn.XLOOKUP(R66,'Price Assumptions'!E:E,'Price Assumptions'!G:G) -> 2.99 | T66: =S66*W66 -> 106200.63 | U66: Routine | V66: Both | W66: 35518.604
C67: 2028 | D67: Liberia | E67: LBR | F67: AFRO | G67: SSA | H67: Low Income | I67: UNICEF | J67: Initial self-financing | K67: Eligible | L67: Malaria | M67: Malaria | N67: Apr 2024 | O67: Apr 2024 | P67: RTS,S/AS01 | Q67: RTS,S/AS01 | R67: 2028RTS,S/AS01 | S67: =_xlfn.XLOOKUP(R67,'Price Assumptions'!E:E,'Price Assumptions'!G:G) -> 5 | T67: =S67*W67 -> 2268017.7 | U67: Routine | V67: Both | W67: 453603.53
C68: 2028 | D68: Madagascar | E68: MDG | F68: AFRO | G68: SSA | H68: Low Income | I68: UNICEF | J68: Initial self-financing | K68: Eligible | L68: Malaria | M68: Malaria | N68: - | O68: - | Q68: TBD | R68: 2028TBD | S68: =_xlfn.XLOOKUP(R68,'Price Assumptions'!E:E,'Price Assumptions'!G:G) -> 2.99 | T68: =S68*W68 -> 407448.03 | U68: Routine | V68: Both | W68: 136270.25
C69: 2028 | D69: Malawi | E69: MWI | F69: AFRO | G69: SSA | H69: Low Income | I69: UNICEF | J69: Initial self-financing | K69: Eligible | L69: Malaria | M69: Malaria | N69: Jan 2024 | O69: Jan 2024 | P69: RTS,S/AS01 | Q69: RTS,S/AS01 | R69: 2028RTS,S/AS01 | S69: =_xlfn.XLOOKUP(R69,'Price Assumptions'!E:E,'Price Assumptions'!G:G) -> 5 | T69: =S69*W69 -> 7843848.7 | U69: Routine | V69: Both | W69: 1568769.7
C70: 2028 | D70: Mali | E70: MLI | F70: AFRO | G70: SSA | H70: Low Income | I70: UNICEF | J70: Initial self-financing | K70: Eligible | L70: Malaria | M70: Malaria | N70: - | O70: - | Q70: R21/Matrix-M | R70: 2028R21/Matrix-M | S70: =_xlfn.XLOOKUP(R70,'Price Assumptions'!E:E,'Price Assumptions'!G:G) -> 2.99 | T70: =S70*W70 -> 4168252.6 | U70: Routine | V70: Both | W70: 1394064.4
C71: 2028 | D71: Mozambique | E71: MOZ | F71: AFRO | G71: SSA | H71: Low Income | I71: UNICEF | J71: Initial self-financing | K71: Eligible | L71: Malaria | M71: Malaria | N71: Jul 2024 | O71: Jul 2024 | P71: CYVAC | Q71: R21/Matrix-M | R71: 2028R21/Matrix-M | S71: =_xlfn.XLOOKUP(R71,'Price Assumptions'!E:E,'Price Assumptions'!G:G) -> 2.99 | T71: =S71*W71 -> 7038823.8 | U71: Routine | V71: Both | W71: 2354121.7
C72: 2028 | D72: Niger | E72: NER | F72: AFRO | G72: SSA | H72: Low Income | I72: UNICEF | J72: Initial self-financing | K72: Eligible | L72: Malaria | M72: Malaria | N72: Jul 2024 | O72: Jul 2024 | P72: RTS,S/AS01 | Q72: RTS,S/AS01 | R72: 2028RTS,S/AS01 | S72: =_xlfn.XLOOKUP(R72,'Price Assumptions'!E:E,'Price Assumptions'!G:G) -> 5 | T72: =S72*W72 -> 9246129.4 | U72: Routine | V72: Both | W72: 1849225.9
C73: 2028 | D73: Sierra Leone | E73: SLE | F73: AFRO | G73: SSA | H73: Low Income | I73: UNICEF | J73: Initial self-financing | K73: Eligible | L73: Malaria | M73: Malaria | N73: Mar 2024 | O73: Mar 2024 | P73: RTS,S/AS01 | Q73: RTS,S/AS01 | R73: 2028RTS,S/AS01 | S73: =_xlfn.XLOOKUP(R73,'Price Assumptions'!E:E,'Price Assumptions'!G:G) -> 5 | T73: =S73*W73 -> 3525867.7 | U73: Routine | V73: Both | W73: 705173.53
C74: 2028 | D74: Somalia | E74: SOM | F74: EMRO | G74: SSA | H74: Low Income | I74: UNICEF | J74: Initial self-financing | K74: Eligible | L74: Malaria | M74: Malaria | N74: - | O74: - | Q74: TBD | R74: 2028TBD | S74: =_xlfn.XLOOKUP(R74,'Price Assumptions'!E:E,'Price Assumptions'!G:G) -> 2.99 | T74: =S74*W74 -> 304666.13 | U74: Routine | V74: Both | W74: 101895.03
C75: 2028 | D75: South Sudan | E75: SSD | F75: AFRO | G75: SSA | H75: Low Income | I75: UNICEF | J75: Initial self-financing | K75: Eligible | L75: Malaria | M75: Malaria | N75: Jul 2024 | O75: Jul 2024 | P75: CYVAC | Q75: R21/Matrix-M | R75: 2028R21/Matrix-M | S75: =_xlfn.XLOOKUP(R75,'Price Assumptions'!E:E,'Price Assumptions'!G:G) -> 2.99 | T75: =S75*W75 -> 2480148.6 | U75: Routine | V75: Both | W75: 829481.14
C76: 2028 | D76: Sudan | E76: SDN | F76: EMRO | G76: MENA | H76: Low Income | I76: UNICEF | J76: Initial self-financing | K76: Eligible | L76: Malaria | M76: Malaria | N76: Nov 2024 | O76: Nov 2024 | P76: CYVAC | Q76: R21/Matrix-M | R76: 2028R21/Matrix-M | S76: =_xlfn.XLOOKUP(R76,'Price Assumptions'!E:E,'Price Assumptions'!G:G) -> 2.99 | T76: =S76*W76 -> 6114869.2 | U76: Routine | V76: Both | W76: 2045106.8
C77: 2029 | D77: Burundi | E77: BDI | F77: AFRO | G77: SSA | H77: Low Income | I77: UNICEF | J77: Initial self-financing | K77: Eligible | L77: Malaria | M77: Malaria | N77: - | O77: - | Q77: RTS,S/AS01 | R77: 2029RTS,S/AS01 | S77: =_xlfn.XLOOKUP(R77,'Price Assumptions'!E:E,'Price Assumptions'!G:G) -> 5 | T77: =S77*W77 -> 3288651.9 | U77: Routine | V77: Both | W77: 657730.37
C78: 2029 | D78: CAR | E78: CAF | F78: AFRO | G78: SSA | H78: Low Income | I78: UNICEF | J78: Initial self-financing | K78: Eligible | L78: Malaria | M78: Malaria | N78: Jan 2024 | O78: Jan 2024 | P78: CYVAC | Q78: R21/Matrix-M | R78: 2029R21/Matrix-M | S78: =_xlfn.XLOOKUP(R78,'Price Assumptions'!E:E,'Price Assumptions'!G:G) -> 2.99 | T78: =S78*W78 -> 1456127 | U78: Routine | V78: Both | W78: 486999
C79: 2029 | D79: Chad | E79: TCD | F79: AFRO | G79: SSA | H79: Low Income | I79: UNICEF | J79: Initial self-financing | K79: Eligible | L79: Malaria | M79: Malaria | N79: Oct 2024 | O79: Oct 2024 | P79: CYVAC | Q79: R21/Matrix-M | R79: 2029R21/Matrix-M | S79: =_xlfn.XLOOKUP(R79,'Price Assumptions'!E:E,'Price Assumptions'!G:G) -> 2.99 | T79: =S79*W79 -> 3061321.2 | U79: Routine | V79: Both | W79: 1023853.3
C80: 2029 | D80: DRC | E80: COD | F80: AFRO | G80: SSA | H80: Low Income | I80: UNICEF | J80: Initial self-financing | K80: Eligible | L80: Malaria | M80: Malaria | N80: Nov 2024 | O80: Nov 2024 | P80: CYVAC | Q80: R21/Matrix-M | R80: 2029R21/Matrix-M | S80: =_xlfn.XLOOKUP(R80,'Price Assumptions'!E:E,'Price Assumptions'!G:G) -> 2.99 | T80: =S80*W80 -> 28496088 | U80: Routine | V80: Both | W80: 9530464.4
C81: 2029 | D81: Gambia | E81: GMB | F81: AFRO | G81: SSA | H81: Low Income | I81: UNICEF | J81: Initial self-financing | K81: Eligible | L81: Malaria | M81: Malaria | N81: - | O81: - | Q81: R21/Matrix-M | R81: 2029R21/Matrix-M | S81: =_xlfn.XLOOKUP(R81,'Price Assumptions'!E:E,'Price Assumptions'!G:G) -> 2.99 | T81: =S81*W81 -> 104658.95 | U81: Routine | V81: Both | W81: 35002.995
C82: 2029 | D82: Liberia | E82: LBR | F82: AFRO | G82: SSA | H82: Low Income | I82: UNICEF | J82: Initial self-financing | K82: Eligible | L82: Malaria | M82: Malaria | N82: Apr 2024 | O82: Apr 2024 | P82: RTS,S/AS01 | Q82: RTS,S/AS01 | R82: 2029RTS,S/AS01 | S82: =_xlfn.XLOOKUP(R82,'Price Assumptions'!E:E,'Price Assumptions'!G:G) -> 5 | T82: =S82*W82 -> 2316412.4 | U82: Routine | V82: Both | W82: 463282.49
C83: 2029 | D83: Madagascar | E83: MDG | F83: AFRO | G83: SSA | H83: Low Income | I83: UNICEF | J83: Initial self-financing | K83: Eligible | L83: Malaria | M83: Malaria | N83: - | O83: - | Q83: TBD | R83: 2029TBD | S83: =_xlfn.XLOOKUP(R83,'Price Assumptions'!E:E,'Price Assumptions'!G:G) -> 2.99 | T83: =S83*W83 -> 437846.93 | U83: Routine | V83: Both | W83: 146437.1
C84: 2029 | D84: Malawi | E84: MWI | F84: AFRO | G84: SSA | H84: Low Income | I84: UNICEF | J84: Initial self-financing | K84: Eligible | L84: Malaria | M84: Malaria | N84: Jan 2024 | O84: Jan 2024 | P84: RTS,S/AS01 | Q84: RTS,S/AS01 | R84: 2029RTS,S/AS01 | S84: =_xlfn.XLOOKUP(R84,'Price Assumptions'!E:E,'Price Assumptions'!G:G) -> 5 | T84: =S84*W84 -> 8043332.7 | U84: Routine | V84: Both | W84: 1608666.5
C85: 2029 | D85: Mali | E85: MLI | F85: AFRO | G85: SSA | H85: Low Income | I85: UNICEF | J85: Initial self-financing | K85: Eligible | L85: Malaria | M85: Malaria | N85: - | O85: - | Q85: R21/Matrix-M | R85: 2029R21/Matrix-M | S85: =_xlfn.XLOOKUP(R85,'Price Assumptions'!E:E,'Price Assumptions'!G:G) -> 2.99 | T85: =S85*W85 -> 4307236.6 | U85: Routine | V85: Both | W85: 1440547.3
C86: 2029 | D86: Mozambique | E86: MOZ | F86: AFRO | G86: SSA | H86: Low Income | I86: UNICEF | J86: Initial self-financing | K86: Eligible | L86: Malaria | M86: Malaria | N86: Jul 2024 | O86: Jul 2024 | P86: CYVAC | Q86: R21/Matrix-M | R86: 2029R21/Matrix-M | S86: =_xlfn.XLOOKUP(R86,'Price Assumptions'!E:E,'Price Assumptions'!G:G) -> 2.99 | T86: =S86*W86 -> 7242358.7 | U86: Routine | V86: Both | W86: 2422193.6
C87: 2029 | D87: Niger | E87: NER | F87: AFRO | G87: SSA | H87: Low Income | I87: UNICEF | J87: Initial self-financing | K87: Eligible | L87: Malaria | M87: Malaria | N87: Jul 2024 | O87: Jul 2024 | P87: RTS,S/AS01 | Q87: RTS,S/AS01 | R87: 2029RTS,S/AS01 | S87: =_xlfn.XLOOKUP(R87,'Price Assumptions'!E:E,'Price Assumptions'!G:G) -> 5 | T87: =S87*W87 -> 9492719.8 | U87: Routine | V87: Both | W87: 1898544
C88: 2029 | D88: Sierra Leone | E88: SLE | F88: AFRO | G88: SSA | H88: Low Income | I88: UNICEF | J88: Initial self-financing | K88: Eligible | L88: Malaria | M88: Malaria | N88: Mar 2024 | O88: Mar 2024 | P88: RTS,S/AS01 | Q88: RTS,S/AS01 | R88: 2029RTS,S/AS01 | S88: =_xlfn.XLOOKUP(R88,'Price Assumptions'!E:E,'Price Assumptions'!G:G) -> 5 | T88: =S88*W88 -> 3522787 | U88: Routine | V88: Both | W88: 704557.4
C89: 2029 | D89: Somalia | E89: SOM | F89: EMRO | G89: SSA | H89: Low Income | I89: UNICEF | J89: Initial self-financing | K89: Eligible | L89: Malaria | M89: Malaria | N89: - | O89: - | Q89: TBD | R89: 2029TBD | S89: =_xlfn.XLOOKUP(R89,'Price Assumptions'!E:E,'Price Assumptions'!G:G) -> 2.99 | T89: =S89*W89 -> 923462.31 | U89: Routine | V89: Both | W89: 308850.27
C90: 2029 | D90: South Sudan | E90: SSD | F90: AFRO | G90: SSA | H90: Low Income | I90: UNICEF | J90: Initial self-financing | K90: Eligible | L90: Malaria | M90: Malaria | N90: Jul 2024 | O90: Jul 2024 | P90: CYVAC | Q90: R21/Matrix-M | R90: 2029R21/Matrix-M | S90: =_xlfn.XLOOKUP(R90,'Price Assumptions'!E:E,'Price Assumptions'!G:G) -> 2.99 | T90: =S90*W90 -> 2561753.2 | U90: Routine | V90: Both | W90: 856773.63
C91: 2029 | D91: Sudan | E91: SDN | F91: EMRO | G91: MENA | H91: Low Income | I91: UNICEF | J91: Initial self-financing | K91: Eligible | L91: Malaria | M91: Malaria | N91: Nov 2024 | O91: Nov 2024 | P91: CYVAC | Q91: R21/Matrix-M | R91: 2029R21/Matrix-M | S91: =_xlfn.XLOOKUP(R91,'Price Assumptions'!E:E,'Price Assumptions'!G:G) -> 2.99 | T91: =S91*W91 -> 6439231.2 | U91: Routine | V91: Both | W91: 2153589
C92: 2030 | D92: Burundi | E92: BDI | F92: AFRO | G92: SSA | H92: Low Income | I92: UNICEF | J92: Initial self-financing | K92: Eligible | L92: Malaria | M92: Malaria | N92: - | O92: - | Q92: RTS,S/AS01 | R92: 2030RTS,S/AS01 | S92: =_xlfn.XLOOKUP(R92,'Price Assumptions'!E:E,'Price Assumptions'!G:G) -> 5 | T92: =S92*W92 -> 3383247.1 | U92: Routine | V92: Both | W92: 676649.42
C93: 2030 | D93: CAR | E93: CAF | F93: AFRO | G93: SSA | H93: Low Income | I93: UNICEF | J93: Initial self-financing | K93: Eligible | L93: Malaria | M93: Malaria | N93: Jan 2024 | O93: Jan 2024 | P93: CYVAC | Q93: R21/Matrix-M | R93: 2030R21/Matrix-M | S93: =_xlfn.XLOOKUP(R93,'Price Assumptions'!E:E,'Price Assumptions'!G:G) -> 2.99 | T93: =S93*W93 -> 1554359.7 | U93: Routine | V93: Both | W93: 519852.75
C94: 2030 | D94: Chad | E94: TCD | F94: AFRO | G94: SSA | H94: Low Income | I94: UNICEF | J94: Initial self-financing | K94: Eligible | L94: Malaria | M94: Malaria | N94: Oct 2024 | O94: Oct 2024 | P94: CYVAC | Q94: R21/Matrix-M | R94: 2030R21/Matrix-M | S94: =_xlfn.XLOOKUP(R94,'Price Assumptions'!E:E,'Price Assumptions'!G:G) -> 2.99 | T94: =S94*W94 -> 3141785.7 | U94: Routine | V94: Both | W94: 1050764.4
C95: 2030 | D95: DRC | E95: COD | F95: AFRO | G95: SSA | H95: Low Income | I95: UNICEF | J95: Initial self-financing | K95: Eligible | L95: Malaria | M95: Malaria | N95: Nov 2024 | O95: Nov 2024 | P95: CYVAC | Q95: R21/Matrix-M | R95: 2030R21/Matrix-M | S95: =_xlfn.XLOOKUP(R95,'Price Assumptions'!E:E,'Price Assumptions'!G:G) -> 2.99 | T95: =S95*W95 -> 29178166 | U95: Routine | V95: Both | W95: 9758584
C96: 2030 | D96: Gambia | E96: GMB | F96: AFRO | G96: SSA | H96: Low Income | I96: UNICEF | J96: Initial self-financing | K96: Eligible | L96: Malaria | M96: Malaria | N96: - | O96: - | Q96: R21/Matrix-M | R96: 2030R21/Matrix-M | S96: =_xlfn.XLOOKUP(R96,'Price Assumptions'!E:E,'Price Assumptions'!G:G) -> 2.99 | T96: =S96*W96 -> 106025.6 | U96: Routine | V96: Both | W96: 35460.066
C97: 2030 | D97: Liberia | E97: LBR | F97: AFRO | G97: SSA | H97: Low Income | I97: UNICEF | J97: Initial self-financing | K97: Eligible | L97: Malaria | M97: Malaria | N97: Apr 2024 | O97: Apr 2024 | P97: RTS,S/AS01 | Q97: RTS,S/AS01 | R97: 2030RTS,S/AS01 | S97: =_xlfn.XLOOKUP(R97,'Price Assumptions'!E:E,'Price Assumptions'!G:G) -> 5 | T97: =S97*W97 -> 2355484.6 | U97: Routine | V97: Both | W97: 471096.91
C98: 2030 | D98: Madagascar | E98: MDG | F98: AFRO | G98: SSA | H98: Low Income | I98: UNICEF | J98: Initial self-financing | K98: Eligible | L98: Malaria | M98: Malaria | N98: - | O98: - | Q98: TBD | R98: 2030TBD | S98: =_xlfn.XLOOKUP(R98,'Price Assumptions'!E:E,'Price Assumptions'!G:G) -> 2.99 | T98: =S98*W98 -> 433553.59 | U98: Routine | V98: Both | W98: 145001.2
C99: 2030 | D99: Malawi | E99: MWI | F99: AFRO | G99: SSA | H99: Low Income | I99: UNICEF | J99: Initial self-financing | K99: Eligible | L99: Malaria | M99: Malaria | N99: Jan 2024 | O99: Jan 2024 | P99: RTS,S/AS01 | Q99: RTS,S/AS01 | R99: 2030RTS,S/AS01 | S99: =_xlfn.XLOOKUP(R99,'Price Assumptions'!E:E,'Price Assumptions'!G:G) -> 5 | T99: =S99*W99 -> 8224337.4 | U99: Routine | V99: Both | W99: 1644867.5
C100: 2030 | D100: Mali | E100: MLI | F100: AFRO | G100: SSA | H100: Low Income | I100: UNICEF | J100: Initial self-financing | K100: Eligible | L100: Malaria | M100: Malaria | N100: - | O100: - | Q100: R21/Matrix-M | R100: 2030R21/Matrix-M | S100: =_xlfn.XLOOKUP(R100,'Price Assumptions'!E:E,'Price Assumptions'!G:G) -> 2.99 | T100: =S100*W100 -> 4438961.5 | U100: Routine | V100: Both | W100: 1484602.5
C101: 2030 | D101: Mozambique | E101: MOZ | F101: AFRO | G101: SSA | H101: Low Income | I101: UNICEF | J101: Initial self-financing | K101: Eligible | L101: Malaria | M101: Malaria | N101: Jul 2024 | O101: Jul 2024 | P101: CYVAC | Q101: R21/Matrix-M | R101: 2030R21/Matrix-M | S101: =_xlfn.XLOOKUP(R101,'Price Assumptions'!E:E,'Price Assumptions'!G:G) -> 2.99 | T101: =S101*W101 -> 7432881.3 | U101: Routine | V101: Both | W101: 2485913.5
C102: 2030 | D102: Niger | E102: NER | F102: AFRO | G102: SSA | H102: Low Income | I102: UNICEF | J102: Initial self-financing | K102: Eligible | L102: Malaria | M102: Malaria | N102: Jul 2024 | O102: Jul 2024 | P102: RTS,S/AS01 | Q102: RTS,S/AS01 | R102: 2030RTS,S/AS01 | S102: =_xlfn.XLOOKUP(R102,'Price Assumptions'!E:E,'Price Assumptions'!G:G) -> 5 | T102: =S102*W102 -> 9740389.2 | U102: Routine | V102: Both | W102: 1948077.8
C103: 2030 | D103: Sierra Leone | E103: SLE | F103: AFRO | G103: SSA | H103: Low Income | I103: UNICEF | J103: Initial self-financing | K103: Eligible | L103: Malaria | M103: Malaria | N103: Mar 2024 | O103: Mar 2024 | P103: RTS,S/AS01 | Q103: RTS,S/AS01 | R103: 2030RTS,S/AS01 | S103: =_xlfn.XLOOKUP(R103,'Price Assumptions'!E:E,'Price Assumptions'!G:G) -> 5 | T103: =S103*W103 -> 3529145.1 | U103: Routine | V103: Both | W103: 705829.03
...

Sheet Price Assumptions
C3: Price Data - RTS,S/AS01
C4: Year | D4: Product | E4: Code | F4: Price (local currency)/Dose | G4: Price(USD$)/Dose | J4: RTS,S/AS01 | K4: RTS,S/AS01
C5: 2024 | D5: RTS,S/AS01 | E5: =C5&D5 -> 2024RTS,S/AS01 | F5: 9.3 | G5: =1.18*F5 -> 10.974 | J5: CYVAC | K5: R21/Matrix-M | AI5: Country | AJ5: ISO Code | AK5: Antigen | AL5: Product | AM5: Product Price | AN5: Year | AO5: Volume | AP5: Value
C6: 2025 | D6: RTS,S/AS01 | E6: =C6&D6 -> 2025RTS,S/AS01 | F6: 9.3 | G6: =1.18*F6 -> 10.974
C7: 2026 | D7: RTS,S/AS01 | E7: =C7&D7 -> 2026RTS,S/AS01 | F7: 9.3 | G7: =1.18*F7 -> 10.974
C8: 2027 | D8: RTS,S/AS01 | E8: =C8&D8 -> 2027RTS,S/AS01 | F8: 9.3 | G8: =1.18*F8 -> 10.974
C9: 2028 | D9: RTS,S/AS01 | E9: =C9&D9 -> 2028RTS,S/AS01 | F9: 5 | G9: 5
C10: 2029 | D10: RTS,S/AS01 | E10: =C10&D10 -> 2029RTS,S/AS01 | F10: 5 | G10: 5
C11: 2030 | D11: RTS,S/AS01 | E11: =C11&D11 -> 2030RTS,S/AS01 | F11: 5 | G11: 5
C12: 2031 | D12: RTS,S/AS01 | E12: =C12&D12 -> 2031RTS,S/AS01 | F12: 5 | G12: 5
C13: 2032 | D13: RTS,S/AS01 | E13: =C13&D13 -> 2032RTS,S/AS01 | F13: 5 | G13: 5
C14: 2033 | D14: RTS,S/AS01 | E14: =C14&D14 -> 2033RTS,S/AS01 | F14: 5 | G14: 5
C15: 2034 | D15: RTS,S/AS01 | E15: =C15&D15 -> 2034RTS,S/AS01 | F15: 5 | G15: 5
C16: 2035 | D16: RTS,S/AS01 | E16: =C16&D16 -> 2035RTS,S/AS01 | F16: 5 | G16: 5
C18: Price Data - R21/Matrix-M
C19: Country | D19: Product | E19: Code | F19: Price (local currency)/Dose | G19: Price(USD$)/Dose
C20: 2024 | D20: R21/Matrix-M | E20: =C20&D20 -> 2024R21/Matrix-M | F20: 3.9 | G20: 3.9
C21: 2025 | D21: R21/Matrix-M | E21: =C21&D21 -> 2025R21/Matrix-M | F21: 3.9 | G21: 3.9
C22: 2026 | D22: R21/Matrix-M | E22: =C22&D22 -> 2026R21/Matrix-M | F22: 3.9 | G22: 3.9
C23: 2027 | D23: R21/Matrix-M | E23: =C23&D23 -> 2027R21/Matrix-M | F23: 2.99 | G23: 2.99
C24: 2028 | D24: R21/Matrix-M | E24: =C24&D24 -> 2028R21/Matrix-M | F24: 2.99 | G24: 2.99
C25: 2029 | D25: R21/Matrix-M | E25: =C25&D25 -> 2029R21/Matrix-M | F25: 2.99 | G25: 2.99
C26: 2030 | D26: R21/Matrix-M | E26: =C26&D26 -> 2030R21/Matrix-M | F26: 2.99 | G26: 2.99
C27: 2031 | D27: R21/Matrix-M | E27: =C27&D27 -> 2031R21/Matrix-M | F27: 2.99 | G27: 2.99
C28: 2032 | D28: R21/Matrix-M | E28: =C28&D28 -> 2032R21/Matrix-M | F28: 2.99 | G28: 2.99
C29: 2033 | D29: R21/Matrix-M | E29: =C29&D29 -> 2033R21/Matrix-M | F29: 2.99 | G29: 2.99
C30: 2034 | D30: R21/Matrix-M | E30: =C30&D30 -> 2034R21/Matrix-M | F30: 2.99 | G30: 2.99
C31: 2035 | D31: R21/Matrix-M | E31: =C31&D31 -> 2035R21/Matrix-M | F31: 2.99 | G31: 2.99
B33: Source | C33: https://www.unicef.org/supply/media/24456/file/Malaria-vaccine-prices-11112025.pdf
C34: Price Data - R21/Matrix-M | I34: Row Labels | J34: Sum of Total Required Supply
C35: Country | D35: Product | E35: Code | F35: Price (local currency)/Dose | G35: Price(USD$)/Dose | I35: 2024 | J35: 5891273.1
C36: 2024 | D36: TBD | E36: =C36&D36 -> 2024TBD | G36: =(J36*G20+K36*G5)/(J36+K36) -> 3.9 | I36: 2025 | J36: 24440898
C37: 2025 | D37: TBD | E37: =C37&D37 -> 2025TBD | G37: =(J37*G21+K37*G6)/(J37+K37) -> 3.9 | I37: 2026 | J37: 53708547
C38: 2026 | D38: TBD | E38: =C38&D38 -> 2026TBD | G38: =(J38*G22+K38*G7)/(J38+K38) -> 3.9 | I38: 2027 | J38: 57796934
C39: 2027 | D39: TBD | E39: =C39&D39 -> 2027TBD | G39: =(J39*G23+K39*G8)/(J39+K39) -> 2.99 | I39: 2028 | J39: 60054164
C40: 2028 | D40: TBD | E40: =C40&D40 -> 2028TBD | G40: =(J40*G24+K40*G9)/(J40+K40) -> 2.99 | I40: 2029 | J40: 61825642
C41: 2029 | D41: TBD | E41: =C41&D41 -> 2029TBD | G41: =(J41*G25+K41*G10)/(J41+K41) -> 2.99 | I41: 2030 | J41: 63041071
C42: 2030 | D42: TBD | E42: =C42&D42 -> 2030TBD | G42: =(J42*G26+K42*G11)/(J42+K42) -> 2.99 | I42: 2031 | J42: 64395421
C43: 2031 | D43: TBD | E43: =C43&D43 -> 2031TBD | G43: =(J43*G27+K43*G12)/(J43+K43) -> 2.99 | I43: 2032 | J43: 65700509
C44: 2032 | D44: TBD | E44: =C44&D44 -> 2032TBD | G44: =(J44*G28+K44*G13)/(J44+K44) -> 2.99 | I44: 2033 | J44: 66970373
C45: 2033 | D45: TBD | E45: =C45&D45 -> 2033TBD | G45: =(J45*G29+K45*G14)/(J45+K45) -> 2.99 | I45: 2034 | J45: 68210279
C46: 2034 | D46: TBD | E46: =C46&D46 -> 2034TBD | G46: =(J46*G30+K46*G15)/(J46+K46) -> 2.99 | I46: 2035 | J46: 69415977
C47: 2035 | D47: TBD | E47: =C47&D47 -> 2035TBD | G47: =(J47*G31+K47*G16)/(J47+K47) -> 2.99 | I47: Grand Total | J47: 6.6145109e+08
Q251: Uganda
Q252: Uganda
Q253: Uganda
Q254: Uganda
Q255: Uganda
Q256: Uganda
Q257: Uganda
Q258: Uganda
Q259: Uganda
Q260: Uganda
Q261: Uganda
Q262: Uganda
... Q282: Zambia
